<?xml version="1.0" encoding="UTF-8"?>
<c3p0-config>
	<default-config>
		<property name="driverClass">com.mysql.jdbc.Driver</property>
		<property name="jdbcUrl">jdbc:mysql://localhost:3306/db_shopping?characterEncoding=utf-8</property>
		<property name="user">root</property>
		<property name="password">root</property>
		<property name="checkoutTimeout">30000</property>
		<property name="initialPoolSize">10</property>
		<property name="maxIdleTime">30</property>
		<property name="maxPoolSize">100</property>
		<property name="minPoolSize">10</property>
	</default-config>
</c3p0-config>